A001;Ali;No. 6, Jalan Pmala, Taman Bukit Pmala, 43000 Kajang, Selangor.;ali02@gmail.co;0123659874;['Abacavir'];49.5;
B002;Chloe;No.7, Taman Kepong, Jalan Kepong 2,52100 Kuala Lumpur;chloem72@gmail.com;0132569876;['Albuterol'];48.0;
C003;Min Yee;25, Levenue 3, Desa Park City, 52200 Kuala Lumpur;minyeec22;minyee22@gmail.com;0175632987;['Losartan'; 'Losartan'];90.0;
D004;Angela;No.14,Vista Magna, Jalan Wangsa 6, Taman Wangsa,Kepong,52200 Kuala Lumpur;angela97@gmail.com;0168759325;['Antihistamines'; 'Antihistamines'];80.0;
E005;Yee Sin;12,Jalan 5a, Taman Sri Kepong, 52100 Kuala Lumpur;yeesin19@gmail.com;0198763254;['Vitamin A'];55.0;
F006;Michelle;6,Block C, Damansara Apartment,Taman Mip,52200 Kuala Lumpur;michelle20@gmail.com;0126985342;['Panadol'; 'Panadol'; 'Panadol'];162.0;
useronly;user;user;user;user;['Vitamin A', 'Vitamin E'];110.0;
