Ali02;aliali02;ali02@gmail.com;0123659874;m;Ali;No. 6, Jalan Pmala, Taman Bukit Pmala, 43000 Kajang, Selangor.;
chloe72;chloem7272;chloem72@gmail.com;0132569876;f;Chloe;No.7, Taman Kepong, Jalan Kepong 2,52100 Kuala Lumpur;
minyee22;minyeec22;minyee22@gmail.com;0175632987;f;Min Yee;25, Levenue 3, Desa Park City, 52200 Kuala Lumpur.;
angela97;angelacyyy97;angela97@gmail.com;0168759325;f;Angela;No.14,Vista Magna, Jalan Wangsa 6, Taman Wangsa,Kepong,52200 Kuala Lumpur;
yeesin119;yeesinang119;yeesin19@gmail.com;0198763254;f;Yee Sin;12,Jalan 5a, Taman Sri Kepong, 52100 Kuala Lumpur;
michelle206;michellenbh20;michelle20@gmail.com;0126985342;f;Michelle;6,Block C, Damansara Apartment,Taman Mip,52200 Kuala Lumpur;
user;user;user;userr;m;user;user;
